{"umap": {"point_0": {"x": 0.2407960295677185, "y": 0.6782104969024658}, "point_1": {"x": 0.8531336188316345, "y": 0.16537541151046753}, "point_2": {"x": 0.7035861611366272, "y": 0.0}, "point_3": {"x": 0.3877316415309906, "y": 0.18352025747299194}, "point_4": {"x": 0.3093399107456207, "y": 0.8625897169113159}, "point_5": {"x": 0.7232943773269653, "y": 0.4624435305595398}, "point_6": {"x": 1.0, "y": 0.10157176107168198}, "point_7": {"x": 0.4116145670413971, "y": 1.0}, "point_8": {"x": 0.1387319713830948, "y": 0.9921697378158569}, "point_9": {"x": 0.30480435490608215, "y": 0.4713159501552582}, "point_10": {"x": 0.11563573777675629, "y": 0.44595468044281006}, "point_11": {"x": 0.575171709060669, "y": 0.8048259019851685}, "point_12": {"x": 0.5843089818954468, "y": 0.60807204246521}, "point_13": {"x": 0.011259084567427635, "y": 0.6214066743850708}, "point_14": {"x": 0.5871666669845581, "y": 0.13766930997371674}, "point_15": {"x": 0.0, "y": 0.8544700145721436}}, "tsne": {"point_0": {"x": 0.5352674126625061, "y": 0.4964568316936493}, "point_1": {"x": 0.9711989760398865, "y": 0.8076198697090149}, "point_2": {"x": 0.9471039772033691, "y": 0.16915567219257355}, "point_3": {"x": 0.0, "y": 0.5217910408973694}, "point_4": {"x": 0.7446261644363403, "y": 0.6402945518493652}, "point_5": {"x": 1.0, "y": 0.48524367809295654}, "point_6": {"x": 0.46807771921157837, "y": 0.7368853688240051}, "point_7": {"x": 0.13750363886356354, "y": 0.2431865930557251}, "point_8": {"x": 0.4448457360267639, "y": 0.2592373192310333}, "point_9": {"x": 0.7328707575798035, "y": 0.34338536858558655}, "point_10": {"x": 0.28229302167892456, "y": 0.49958300590515137}, "point_11": {"x": 0.17432288825511932, "y": 0.7687492966651917}, "point_12": {"x": 0.6529093980789185, "y": 0.05017001926898956}, "point_13": {"x": 0.6798043847084045, "y": 0.9405487775802612}, "point_14": {"x": 0.370008260011673, "y": 1.0}, "point_15": {"x": 0.3353089690208435, "y": 0.0}}}